Date,Open,High,Low,Close,Volume
10/4/2024 17:36:00,4.32,4.4,4.32,4.35,9574623
10/7/2024 17:36:00,4.35,4.39,4.32,4.38,11028882
10/8/2024 17:36:00,4.35,4.42,4.35,4.41,7865631
10/9/2024 17:36:00,4.4,4.44,4.39,4.43,5463828
10/10/2024 17:36:00,4.44,4.46,4.4,4.42,6272044
10/11/2024 17:36:00,4.41,4.42,4.38,4.4,5311112
10/14/2024 17:36:00,4.4,4.43,4.39,4.41,5760648
10/15/2024 17:36:00,4.43,4.45,4.38,4.42,8703416
10/16/2024 17:36:00,4.42,4.54,4.42,4.53,14170166
10/17/2024 17:36:00,4.54,4.55,4.5,4.5,7006876
10/18/2024 17:36:00,4.49,4.49,4.41,4.43,14262881
10/21/2024 17:36:00,4.43,4.45,4.41,4.41,4329649
10/22/2024 17:36:00,4.43,4.43,4.34,4.37,8127447
10/23/2024 17:36:00,4.36,4.38,4.34,4.35,5340636
10/24/2024 17:36:00,4.36,4.4,4.35,4.35,27631009
10/25/2024 17:36:00,4.35,4.36,4.32,4.33,5323005
10/28/2024 17:36:00,4.34,4.36,4.33,4.35,5168494
10/29/2024 17:36:00,4.37,4.38,4.34,4.36,4303112
10/30/2024 17:36:00,4.34,4.35,4.28,4.34,17223223
10/31/2024 17:36:00,4.31,4.32,4.28,4.31,18764899
11/1/2024 17:36:00,4.3,4.35,4.3,4.33,6186586
11/4/2024 17:36:00,4.33,4.36,4.32,4.34,4791613
11/5/2024 17:36:00,4.32,4.36,4.31,4.32,23497599
11/6/2024 17:36:00,4.31,4.34,4.25,4.29,11418869
11/7/2024 17:36:00,4.29,4.31,4.14,4.2,14443691
11/8/2024 17:36:00,4.18,4.22,4.16,4.21,19292995
11/11/2024 17:36:00,4.23,4.23,4.16,4.16,14511800
11/12/2024 17:36:00,4.16,4.16,4.1,4.1,22968088
11/13/2024 17:36:00,4.09,4.11,4.08,4.08,21507388
11/14/2024 17:36:00,4.11,4.16,4.05,4.15,22596208
11/15/2024 17:36:00,4.14,4.24,4.14,4.21,16173163
11/18/2024 17:36:00,4.23,4.3,4.21,4.28,8187786
11/19/2024 17:36:00,4.28,4.33,4.27,4.33,11988597
11/20/2024 17:36:00,4.34,4.36,4.32,4.33,7147937
11/21/2024 17:36:00,4.33,4.35,4.26,4.26,12054378
11/22/2024 17:36:00,4.27,4.3,4.27,4.3,10033804
11/25/2024 17:36:00,4.31,4.33,4.29,4.31,17995591
11/26/2024 17:36:00,4.31,4.34,4.29,4.3,4322320
11/27/2024 17:36:00,4.31,4.34,4.27,4.33,6595948
11/28/2024 17:36:00,4.33,4.38,4.33,4.36,25081348
11/29/2024 17:36:00,4.35,4.36,4.24,4.29,10592256
12/2/2024 17:36:00,4.28,4.35,4.27,4.31,8424027
12/3/2024 17:36:00,4.29,4.35,4.29,4.33,45761805
12/4/2024 17:36:00,4.33,4.34,4.29,4.3,5758572
12/5/2024 17:36:00,4.31,4.35,4.31,4.34,9386562
12/6/2024 17:36:00,4.36,4.42,4.33,4.34,6345102
12/9/2024 17:36:00,4.35,4.36,4.31,4.32,5650107
12/10/2024 17:36:00,4.3,4.32,4.27,4.28,54448197
12/11/2024 17:36:00,4.28,4.28,4.26,4.28,10333809
12/12/2024 17:36:00,4.27,4.31,4.25,4.29,14375563
12/13/2024 17:36:00,4.28,4.31,4.24,4.28,12524914
12/16/2024 17:36:00,4.29,4.31,4.24,4.3,32251849
12/17/2024 17:36:00,4.1,4.14,4.04,4.05,19546763
12/18/2024 17:36:00,4.02,4.05,4.01,4.01,10361355
12/19/2024 17:36:00,3.99,3.99,3.95,3.96,52582382
12/20/2024 17:36:00,3.94,3.95,3.9,3.93,41836210
12/23/2024 17:36:00,3.92,3.93,3.9,3.91,7977978
12/24/2024 17:36:00,3.91,3.93,3.91,3.91,4667089
12/27/2024 17:36:00,3.9,3.94,3.88,3.94,10353487
12/30/2024 17:36:00,3.92,3.95,3.91,3.93,10093054
12/31/2024 17:36:00,3.9,3.94,3.9,3.94,4549065
1/2/2025 17:36:00,3.95,4,3.94,3.99,6822021
1/3/2025 17:36:00,4,4.02,3.97,3.97,5740091
1/6/2025 17:36:00,3.99,4,3.94,3.96,5606081
1/7/2025 17:36:00,3.95,3.95,3.91,3.92,7485232
1/8/2025 17:36:00,3.91,3.92,3.88,3.92,15503601
1/9/2025 17:36:00,3.91,3.92,3.9,3.92,5019554
1/10/2025 17:36:00,3.92,3.92,3.89,3.9,8721643
1/13/2025 17:36:00,3.89,3.92,3.89,3.91,9896499
1/14/2025 17:36:00,3.91,3.92,3.89,3.91,10665735
1/15/2025 17:36:00,3.93,3.99,3.92,3.97,9390378
1/16/2025 17:36:00,3.97,3.98,3.91,3.96,10437171
1/17/2025 17:36:00,3.96,4,3.96,3.97,10077556
1/20/2025 17:36:00,3.84,3.91,3.8,3.86,26234067
1/21/2025 17:36:00,3.87,3.89,3.85,3.89,8349824
1/22/2025 17:36:00,3.86,3.86,3.8,3.81,13709295
1/23/2025 17:36:00,3.82,3.84,3.8,3.8,9042257
1/24/2025 17:36:00,3.79,3.83,3.76,3.78,13818226
1/27/2025 17:36:00,3.78,3.86,3.78,3.85,10391138
1/28/2025 17:36:00,3.84,3.94,3.83,3.91,13071508
1/29/2025 17:36:00,3.91,3.95,3.89,3.95,10682788
1/30/2025 17:36:00,3.94,3.99,3.93,3.97,9180072
1/31/2025 17:36:00,3.97,3.97,3.93,3.94,8025402
2/3/2025 17:36:00,3.92,3.97,3.91,3.96,10735459
2/4/2025 17:36:00,3.94,3.96,3.89,3.92,9037051
2/5/2025 17:36:00,3.92,3.98,3.92,3.98,6551427
2/6/2025 17:36:00,3.97,4.07,3.97,4.04,10140194
2/7/2025 17:36:00,4.03,4.14,4.03,4.1,10825888
2/10/2025 17:36:00,4.11,4.15,4.1,4.14,6844744
2/11/2025 17:36:00,4.15,4.2,4.14,4.18,8363533
2/12/2025 17:36:00,4.19,4.24,4.18,4.22,8841266
2/13/2025 17:36:00,4.21,4.24,4.2,4.2,7282155
2/14/2025 17:36:00,4.18,4.2,4.09,4.14,10509672
2/17/2025 17:36:00,4.13,4.16,4.12,4.14,24945628
2/18/2025 17:36:00,4.13,4.16,4.1,4.14,8466096
2/19/2025 17:36:00,4.14,4.14,4.07,4.09,10799195
2/20/2025 17:36:00,4.09,4.13,4.09,4.12,7643670
2/21/2025 17:36:00,4.1,4.17,4.1,4.17,10892368
2/24/2025 17:36:00,4.17,4.24,4.17,4.24,13056108
2/25/2025 17:36:00,4.24,4.32,4.24,4.3,13502652
2/26/2025 17:36:00,4.28,4.33,4.24,4.33,17724173
2/27/2025 17:36:00,4.12,4.33,4.07,4.32,23894254
2/28/2025 17:36:00,4.33,4.34,4.27,4.3,15295654
3/3/2025 17:36:00,4.3,4.31,4.22,4.27,15351017
3/4/2025 17:36:00,4.22,4.25,4.17,4.2,16243705
3/5/2025 17:36:00,4.18,4.19,4.11,4.11,12610654
3/6/2025 17:36:00,4.12,4.16,4.09,4.15,10129157
3/7/2025 17:36:00,4.16,4.21,4.14,4.21,11039643
3/10/2025 17:36:00,4.2,4.26,4.2,4.25,12426261
3/11/2025 17:36:00,4.25,4.31,4.23,4.25,12942895
3/12/2025 17:36:00,4.25,4.26,4.17,4.23,8787113
3/13/2025 17:36:00,4.23,4.35,4.22,4.35,15190206
3/14/2025 17:36:00,4.32,4.42,4.32,4.35,12919988
3/17/2025 17:36:00,4.34,4.39,4.34,4.36,7806150
3/18/2025 17:36:00,4.35,4.38,4.34,4.37,10383193
3/19/2025 17:36:00,4.36,4.38,4.33,4.33,10828741
3/20/2025 17:36:00,4.33,4.36,4.28,4.33,8647826
3/21/2025 17:36:00,4.33,4.37,4.3,4.34,28738950
3/24/2025 17:36:00,4.33,4.34,4.26,4.26,11456575
3/25/2025 17:36:00,4.26,4.31,4.26,4.28,7641930
3/26/2025 17:36:00,4.28,4.3,4.26,4.3,6574563
3/27/2025 17:36:00,4.3,4.34,4.28,4.33,9407979
3/28/2025 17:36:00,4.33,4.37,4.32,4.32,9737732
3/31/2025 17:36:00,4.33,4.36,4.31,4.35,8370517
4/1/2025 17:36:00,4.36,4.42,4.35,4.42,10207750
4/2/2025 17:36:00,4.4,4.45,4.37,4.37,9602612
4/3/2025 17:36:00,4.36,4.47,4.35,4.47,12190621
4/4/2025 17:36:00,4.47,4.51,4.28,4.3,19860931
4/7/2025 17:36:00,4.09,4.22,3.95,4.1,25380599
4/8/2025 17:36:00,4.11,4.11,3.99,4.08,14564203
4/9/2025 17:36:00,4.01,4.04,3.83,3.89,28947892
4/10/2025 17:36:00,4.23,4.23,3.93,3.95,17313956
4/11/2025 17:36:00,3.95,4,3.91,4,11383000
4/14/2025 17:36:00,4.05,4.13,4.01,4.12,9105005
4/15/2025 17:36:00,4.13,4.17,4.13,4.17,7063709
4/16/2025 17:36:00,4.18,4.27,4.17,4.27,10487071
4/17/2025 17:36:00,4.27,4.34,4.24,4.33,9968747
4/22/2025 17:36:00,4.3,4.39,4.28,4.37,9116305
4/23/2025 17:36:00,4.38,4.39,4.28,4.36,10390077
4/24/2025 17:36:00,4.36,4.39,4.34,4.36,5544346
4/25/2025 17:36:00,4.35,4.43,4.34,4.39,9343334
4/28/2025 17:36:00,4.42,4.46,4.4,4.46,7158273
4/29/2025 17:36:00,4.47,4.5,4.44,4.48,6983798
4/30/2025 17:36:00,4.49,4.52,4.47,4.52,10380743
5/2/2025 17:36:00,4.54,4.58,4.47,4.5,8471018
5/5/2025 17:36:00,4.5,4.53,4.47,4.47,4491971
5/6/2025 17:36:00,4.48,4.55,4.48,4.54,9043874
5/7/2025 17:36:00,4.54,4.57,4.52,4.53,8536803
5/8/2025 17:36:00,4.52,4.52,4.42,4.47,9968207
5/9/2025 17:36:00,4.47,4.5,4.45,4.48,5639017
5/12/2025 17:36:00,4.51,4.52,4.36,4.42,10727218
5/13/2025 17:36:00,4.42,4.49,4.39,4.41,8331921
5/14/2025 17:36:00,4.38,4.45,4.24,4.31,24605217
5/15/2025 17:36:00,4.35,4.37,4.26,4.37,11810051
5/16/2025 17:36:00,4.37,4.44,4.36,4.43,10068702
5/19/2025 17:36:00,4.45,4.51,4.42,4.5,8873203
5/20/2025 17:36:00,4.5,4.56,4.49,4.55,11044326
5/21/2025 17:36:00,4.53,4.58,4.53,4.57,7683546
5/22/2025 17:36:00,4.56,4.61,4.53,4.61,9187478
5/23/2025 17:36:00,4.61,4.61,4.56,4.61,10567344
5/26/2025 17:36:00,4.62,4.65,4.61,4.63,6500175
5/27/2025 17:36:00,4.65,4.69,4.63,4.66,9642952
5/28/2025 17:36:00,4.68,4.71,4.64,4.66,7390700
5/29/2025 17:36:00,4.68,4.68,4.6,4.67,5743343
5/30/2025 17:36:00,4.69,4.73,4.67,4.71,39050260
6/2/2025 17:36:00,4.72,4.74,4.68,4.72,6648945
6/3/2025 17:36:00,4.74,4.74,4.66,4.67,8248466
6/4/2025 17:36:00,4.67,4.69,4.65,4.66,6262862
6/5/2025 17:36:00,4.67,4.72,4.65,4.71,9571910
6/6/2025 17:36:00,4.71,4.74,4.68,4.69,10205031
6/9/2025 17:36:00,4.69,4.71,4.66,4.66,5766903
6/10/2025 17:36:00,4.68,4.7,4.64,4.64,6467493
6/11/2025 17:36:00,4.65,4.66,4.6,4.61,7011173
6/12/2025 17:36:00,4.6,4.65,4.59,4.61,12158915
6/13/2025 17:36:00,4.59,4.61,4.55,4.59,54911641
6/16/2025 17:36:00,4.61,4.75,4.59,4.73,36171715
6/17/2025 17:36:00,4.55,4.58,4.51,4.55,9400153
6/18/2025 17:36:00,4.55,4.61,4.55,4.58,9820314
6/19/2025 17:36:00,4.57,4.6,4.55,4.58,5796399
6/20/2025 17:36:00,4.57,4.61,4.54,4.54,38248437
6/23/2025 17:36:00,4.5,4.57,4.49,4.55,32991777
6/24/2025 17:36:00,4.56,4.59,4.53,4.58,6997066
6/25/2025 17:36:00,4.57,4.58,4.48,4.48,13394790
6/26/2025 17:36:00,4.46,4.5,4.43,4.48,5664317
6/27/2025 17:36:00,4.48,4.51,4.46,4.49,6476225
6/30/2025 17:36:00,4.5,4.51,4.43,4.46,8874694
7/1/2025 17:36:00,4.48,4.55,4.47,4.55,12417088
7/2/2025 17:36:00,4.55,4.57,4.53,4.56,6050857
7/3/2025 17:36:00,4.57,4.58,4.51,4.54,4581369
7/4/2025 17:36:00,4.55,4.58,4.53,4.56,3482118
7/7/2025 17:36:00,4.56,4.57,4.52,4.55,4543977
7/8/2025 17:36:00,4.53,4.55,4.49,4.5,6750625
7/9/2025 17:36:00,4.5,4.54,4.5,4.52,4950186
7/10/2025 17:36:00,4.51,4.52,4.47,4.49,5537692
7/11/2025 17:36:00,4.49,4.49,4.46,4.48,4403038
7/14/2025 17:36:00,4.47,4.51,4.45,4.51,3316773
7/15/2025 17:36:00,4.48,4.5,4.46,4.49,4359352
7/16/2025 17:36:00,4.49,4.53,4.47,4.49,5960350
7/17/2025 17:36:00,4.49,4.5,4.47,4.48,4605672
7/18/2025 17:36:00,4.49,4.53,4.49,4.5,6548297
7/21/2025 17:36:00,4.5,4.55,4.49,4.55,4792384
7/22/2025 17:36:00,4.54,4.57,4.51,4.56,4860712
7/23/2025 17:36:00,4.58,4.58,4.53,4.55,7044182
7/24/2025 17:36:00,4.56,4.65,4.56,4.62,9150025
7/25/2025 17:36:00,4.63,4.63,4.57,4.63,7183011
7/28/2025 17:36:00,4.65,4.65,4.55,4.56,7870401
7/29/2025 17:36:00,4.55,4.58,4.53,4.57,7125862
7/30/2025 17:36:00,4.56,4.69,4.48,4.58,8174217
7/31/2025 17:36:00,4.56,4.58,4.46,4.52,8987216
8/1/2025 17:36:00,4.5,4.55,4.49,4.55,6994609
8/4/2025 17:36:00,4.52,4.6,4.51,4.59,5358085
8/5/2025 17:36:00,4.6,4.6,4.54,4.58,3584176
8/6/2025 17:36:00,4.58,4.68,4.52,4.66,9770459
8/7/2025 17:36:00,4.64,4.66,4.59,4.63,5609714
8/8/2025 17:36:00,4.65,4.68,4.64,4.65,5928554
8/11/2025 17:36:00,4.68,4.7,4.67,4.7,7016241
8/12/2025 17:36:00,4.7,4.75,4.69,4.69,6279566
8/13/2025 17:36:00,4.69,4.75,4.69,4.74,5192500
8/14/2025 17:36:00,4.75,4.8,4.74,4.78,11531135
8/15/2025 17:36:00,4.8,4.81,4.76,4.81,6256747
8/18/2025 17:36:00,4.82,4.85,4.8,4.84,5286378
8/19/2025 17:36:00,4.85,4.88,4.84,4.85,7874088
8/20/2025 17:36:00,4.86,4.89,4.86,4.89,5273680
8/21/2025 17:36:00,4.85,4.86,4.57,4.65,25835865
8/22/2025 17:36:00,4.65,4.68,4.62,4.65,9107925
8/25/2025 17:36:00,4.61,4.63,4.58,4.62,7166691
8/26/2025 17:36:00,4.62,4.64,4.58,4.62,10142867
8/27/2025 17:36:00,4.61,4.64,4.6,4.61,3947874
8/28/2025 17:36:00,4.61,4.63,4.54,4.57,7138893
8/29/2025 17:36:00,4.55,4.59,4.54,4.58,4849695
9/1/2025 17:36:00,4.57,4.63,4.56,4.63,5058447
9/2/2025 17:36:00,4.61,4.61,4.56,4.58,5061767
9/3/2025 17:36:00,4.59,4.59,4.51,4.51,7073963
9/4/2025 17:36:00,4.5,4.55,4.48,4.52,5615103
9/5/2025 17:36:00,4.52,4.55,4.5,4.55,6085130
9/8/2025 17:36:00,4.54,4.55,4.52,4.55,4953995
9/9/2025 17:36:00,4.55,4.58,4.53,4.58,4627400
9/10/2025 17:36:00,4.57,4.57,4.52,4.54,6978165
9/11/2025 17:36:00,4.55,4.59,4.55,4.58,3734868
9/12/2025 17:36:00,4.57,4.58,4.55,4.57,4019950
9/15/2025 17:36:00,4.57,4.58,4.53,4.55,7388811
9/16/2025 17:36:00,4.54,4.54,4.49,4.53,9804875
9/17/2025 17:36:00,4.53,4.54,4.51,4.54,7695768
9/18/2025 17:36:00,4.55,4.56,4.5,4.53,4756207
9/19/2025 17:36:00,4.5,4.56,4.5,4.51,16401287
9/22/2025 17:36:00,4.47,4.47,4.39,4.4,10439503
9/23/2025 17:36:00,4.39,4.4,4.33,4.38,9686603
9/24/2025 17:36:00,4.39,4.41,4.35,4.36,6607098
9/25/2025 17:36:00,4.34,4.37,4.33,4.35,5091767
9/26/2025 17:36:00,4.33,4.37,4.32,4.37,4541002
9/29/2025 17:36:00,4.33,4.36,4.31,4.34,6460627
9/30/2025 17:36:00,4.33,4.4,4.31,4.4,6289483
10/1/2025 17:36:00,4.38,4.42,4.37,4.37,8633295
10/2/2025 17:36:00,4.35,4.38,4.33,4.34,5005386
10/3/2025 17:36:00,4.35,4.37,4.31,4.31,6998221
10/6/2025 17:36:00,4.3,4.36,4.28,4.33,7294348
10/7/2025 17:36:00,4.31,4.35,4.31,4.32,6230873
10/8/2025 17:36:00,4.33,4.37,4.32,4.35,7211956
10/9/2025 17:36:00,4.35,4.39,4.35,4.38,5846160
10/10/2025 17:36:00,4.38,4.41,4.38,4.38,7287892
10/13/2025 17:36:00,4.37,4.37,4.32,4.34,17343176
10/14/2025 17:36:00,4.34,4.4,4.34,4.39,8884519
10/15/2025 17:36:00,4.39,4.51,4.39,4.48,17487319
10/16/2025 17:36:00,4.46,4.47,4.42,4.46,7729358
10/17/2025 17:36:00,4.46,4.51,4.44,4.5,14837785
10/20/2025 17:36:00,4.5,4.6,4.5,4.58,11730707
10/21/2025 17:36:00,4.59,4.61,4.57,4.58,6814946
10/22/2025 17:36:00,4.58,4.63,4.57,4.62,7120756
10/23/2025 17:36:00,4.63,4.63,4.56,4.57,6768148
10/24/2025 17:36:00,4.56,4.57,4.5,4.56,5801953
10/27/2025 17:36:00,4.55,4.58,4.55,4.57,4955905
10/28/2025 17:36:00,4.6,4.6,4.49,4.57,7670304
10/29/2025 17:36:00,4.58,4.58,4.49,4.5,10699956
10/30/2025 17:36:00,4.5,4.52,4.41,4.47,7402453
10/31/2025 17:36:00,4.49,4.56,4.35,4.39,18098400
11/3/2025 17:36:00,4.38,4.38,4.29,4.29,15652768
11/4/2025 17:36:00,4.04,4.04,3.71,3.73,78459578
11/5/2025 17:36:00,3.71,3.72,3.56,3.63,35383086
11/6/2025 17:36:00,3.64,3.67,3.6,3.64,32312534
11/7/2025 17:36:00,3.64,3.67,3.58,3.66,14597756
11/10/2025 17:36:00,3.62,3.64,3.58,3.59,13469682
11/11/2025 17:36:00,3.58,3.7,3.57,3.67,14229931
11/12/2025 17:36:00,3.66,3.68,3.64,3.64,14205002
11/13/2025 17:36:00,3.6,3.75,3.6,3.72,15358550
11/14/2025 17:36:00,3.76,3.78,3.71,3.73,12560062
11/17/2025 17:36:00,3.74,3.75,3.69,3.73,7951311
11/18/2025 17:36:00,3.7,3.71,3.63,3.63,13022039
11/19/2025 17:36:00,3.64,3.65,3.62,3.62,11924529
11/20/2025 17:36:00,3.62,3.64,3.6,3.62,10569940
11/21/2025 17:36:00,3.61,3.69,3.6,3.67,9725189
11/24/2025 17:36:00,3.69,3.72,3.64,3.66,19991103
11/25/2025 17:36:00,3.64,3.74,3.64,3.73,10412465
11/26/2025 17:36:00,3.71,3.75,3.69,3.74,7399719
11/27/2025 17:36:00,3.74,3.78,3.73,3.78,5796865
11/28/2025 17:36:00,3.79,3.79,3.72,3.74,10386441
12/1/2025 17:36:00,3.74,3.75,3.66,3.67,10324245
12/2/2025 17:36:00,3.65,3.69,3.63,3.63,9279954
12/3/2025 17:36:00,3.63,3.66,3.62,3.63,9055727
12/4/2025 17:36:00,3.63,3.67,3.6,3.65,11897039
12/5/2025 17:36:00,3.67,3.71,3.65,3.67,10094025
12/8/2025 17:36:00,3.66,3.67,3.63,3.63,10022310
12/9/2025 17:36:00,3.63,3.67,3.62,3.64,12522269
12/10/2025 17:36:00,3.63,3.65,3.61,3.65,6377302
12/11/2025 17:36:00,3.66,3.68,3.63,3.67,7877224
12/12/2025 17:36:00,3.67,3.72,3.67,3.71,9050240
12/15/2025 17:36:00,3.71,3.72,3.63,3.63,22550936
12/16/2025 17:36:00,3.5,3.51,3.46,3.46,34605512
12/17/2025 17:36:00,3.43,3.5,3.42,3.49,16660254
12/18/2025 17:36:00,3.49,3.5,3.45,3.48,27606425
12/19/2025 17:36:00,3.44,3.47,3.4,3.42,56409660
12/22/2025 17:36:00,3.4,3.42,3.37,3.42,19546829
12/23/2025 17:36:00,3.4,3.47,3.4,3.44,12480301
12/24/2025 17:36:00,3.42,3.46,3.41,3.45,4205101
12/29/2025 17:36:00,3.4,3.49,3.4,3.47,18862862
12/30/2025 17:36:00,3.47,3.52,3.46,3.51,15313188
12/31/2025 17:36:00,3.5,3.53,3.49,3.49,8331505
1/2/2026 17:36:00,3.5,3.53,3.44,3.48,10670053
1/5/2026 17:36:00,3.49,3.51,3.44,3.46,11128622
1/6/2026 17:36:00,3.46,3.51,3.42,3.42,9729923
1/7/2026 17:36:00,3.42,3.49,3.4,3.49,14233566
1/8/2026 17:36:00,3.49,3.5,3.44,3.45,8690536
1/9/2026 17:36:00,3.43,3.45,3.41,3.42,9632497
1/12/2026 17:36:00,3.4,3.44,3.39,3.44,8509836
1/13/2026 17:36:00,3.42,3.43,3.35,3.35,64369743
1/14/2026 17:36:00,3.33,3.42,3.32,3.41,13093071
1/15/2026 17:36:00,3.4,3.4,3.37,3.38,8880775
1/16/2026 17:36:00,3.36,3.38,3.33,3.34,11703340
1/19/2026 17:36:00,3.32,3.38,3.31,3.33,8884772
1/20/2026 17:36:00,3.34,3.37,3.29,3.29,10792004
1/21/2026 17:36:00,3.29,3.32,3.24,3.24,12883891
1/22/2026 17:36:00,3.3,3.33,3.28,3.31,10372965
1/23/2026 17:36:00,3.32,3.37,3.31,3.37,7623350
1/26/2026 17:36:00,3.39,3.4,3.36,3.38,7328339
1/27/2026 17:36:00,3.39,3.39,3.33,3.35,7965124
1/28/2026 17:36:00,3.33,3.39,3.32,3.38,7897256
1/29/2026 17:36:00,3.38,3.42,3.36,3.4,7592461
1/30/2026 17:36:00,3.4,3.42,3.36,3.42,11391561
2/2/2026 17:36:00,3.43,3.46,3.42,3.45,10272049
2/3/2026 17:36:00,3.46,3.47,3.37,3.47,10839776
2/4/2026 17:36:00,3.48,3.66,3.47,3.66,25255500
2/5/2026 17:36:00,3.66,3.66,3.57,3.63,12233373
2/6/2026 17:36:00,3.61,3.65,3.6,3.62,10205461
2/9/2026 17:36:00,3.6,3.62,3.54,3.61,8331059
2/10/2026 17:36:00,3.62,3.65,3.6,3.61,11536450
2/11/2026 17:36:00,3.62,3.67,3.59,3.64,13632744
2/12/2026 17:36:00,3.65,3.72,3.6,3.71,12590731
2/13/2026 17:36:00,3.72,3.72,3.65,3.67,9394987
2/16/2026 17:36:00,3.67,3.69,3.64,3.69,6261896
2/17/2026 17:36:00,3.69,3.73,3.65,3.66,8938309
2/18/2026 17:36:00,3.67,3.68,3.56,3.56,14672671
2/19/2026 17:36:00,3.57,3.61,3.55,3.59,9363528
2/20/2026 17:36:00,3.6,3.61,3.55,3.58,10154088
2/23/2026 17:36:00,3.59,3.66,3.58,3.65,13297199
2/24/2026 17:36:00,3.6,3.75,3.6,3.65,22044266
2/25/2026 17:36:00,3.64,3.74,3.64,3.68,12881021
2/26/2026 17:36:00,3.7,3.73,3.61,3.65,13431506
2/27/2026 17:36:00,3.63,3.87,3.62,3.85,40040369
3/2/2026 17:36:00,3.76,3.79,3.7,3.72,17740509
3/3/2026 17:36:00,3.71,3.72,3.54,3.56,23102191
3/4/2026 17:36:00,3.54,3.62,3.52,3.6,10688164
3/5/2026 17:36:00,3.6,3.65,3.55,3.57,15085325
3/6/2026 17:36:00,3.58,3.67,3.57,3.67,16984918
3/9/2026 17:36:00,3.6,3.61,3.53,3.58,12286718
3/10/2026 17:36:00,3.6,3.65,3.59,3.62,9144316
3/11/2026 17:36:00,3.58,3.62,3.5,3.51,14990438
3/12/2026 17:36:00,3.51,3.55,3.48,3.55,10191128
3/13/2026 17:36:00,3.52,3.63,3.49,3.59,11860032
3/16/2026 17:36:00,3.57,3.6,3.54,3.56,10005838
3/17/2026 17:36:00,3.55,3.64,3.55,3.62,9259470
3/18/2026 17:36:00,3.6,3.67,3.59,3.67,12353698
3/19/2026 17:36:00,3.63,3.68,3.6,3.63,13623351
3/20/2026 17:36:00,3.63,3.67,3.57,3.58,55037439
3/23/2026 17:36:00,3.53,3.6,3.48,3.55,15906202
3/24/2026 17:36:00,3.57,3.68,3.55,3.68,14822620
3/25/2026 17:36:00,3.69,3.72,3.66,3.72,10319496
3/26/2026 17:36:00,3.7,3.74,3.64,3.66,11383924
3/27/2026 17:36:00,3.67,3.7,3.63,3.67,8362119
3/30/2026 17:36:00,3.68,3.77,3.67,3.77,12640127
3/31/2026 17:36:00,3.77,3.84,3.77,3.8,16224220
4/1/2026 17:36:00,3.83,3.86,3.8,3.81,13281547
4/2/2026 17:36:00,3.81,3.85,3.78,3.85,9346999
4/7/2026 17:36:00,3.82,3.96,3.82,3.88,14926863
4/8/2026 17:36:00,3.98,3.98,3.85,3.9,18490759
4/9/2026 17:36:00,3.9,3.91,3.83,3.84,14160317
4/10/2026 17:36:00,3.84,3.85,3.79,3.84,7870450
4/13/2026 17:36:00,3.83,3.84,3.78,3.79,8925127
4/14/2026 17:36:00,3.8,3.82,3.77,3.81,7209511
4/15/2026 17:36:00,3.82,3.86,3.78,3.83,7824570
4/16/2026 17:36:00,3.82,3.86,3.79,3.86,11108065
4/17/2026 17:36:00,3.87,3.9,3.84,3.87,15415460
4/20/2026 17:36:00,3.85,3.9,3.85,3.88,9495361
4/21/2026 17:36:00,3.89,3.95,3.88,3.91,8419012
4/22/2026 17:36:00,3.89,3.94,3.74,3.78,18792555
4/23/2026 17:36:00,3.79,3.9,3.79,3.89,11847638
4/24/2026 17:36:00,3.85,3.92,3.85,3.88,8340942
4/27/2026 17:36:00,3.86,3.87,3.79,3.8,8986336
4/28/2026 17:36:00,3.81,3.84,3.78,3.81,5805565
4/29/2026 17:36:00,3.82,3.82,3.77,3.8,6282170
4/30/2026 17:36:00,3.8,3.88,3.77,3.86,11911161
5/4/2026 17:36:00,3.89,3.89,3.78,3.83,7525460
5/5/2026 17:36:00,3.84,3.91,3.84,3.86,7376457
5/6/2026 17:36:00,3.91,3.94,3.85,3.91,11151094
5/7/2026 17:36:00,3.91,3.91,3.84,3.87,11910946
5/8/2026 17:36:00,3.85,3.88,3.83,3.88,7978716
5/11/2026 17:36:00,3.87,3.92,3.86,3.88,8246000
5/12/2026 17:36:00,3.86,3.9,3.82,3.84,14739611
5/13/2026 17:36:00,3.85,3.89,3.82,3.82,11613326
5/14/2026 17:36:00,3.95,4.09,3.93,4.04,38916542
5/15/2026 17:36:00,4.05,4.08,3.93,3.94,20322719
5/18/2026 17:36:00,3.93,4.05,3.9,4.04,16207010
5/19/2026 17:36:00,4.06,4.12,4.05,4.1,12812750
5/20/2026 17:36:00,4.09,4.11,4.05,4.08,12789565
5/21/2026 17:36:00,4.07,4.1,4.05,4.05,9712068
5/22/2026 17:36:00,4.07,4.11,4.06,4.07,8286762
5/25/2026 17:36:00,4.08,4.08,4.05,4.06,6511670
5/26/2026 17:36:00,4.05,4.05,3.98,4,13687468
5/27/2026 17:36:00,3.99,4.01,3.97,4.01,9655220
5/28/2026 17:36:00,4.02,4.02,3.95,3.96,12678653
5/29/2026 17:36:00,3.98,4.01,3.94,3.94,19789624
6/1/2026 17:36:00,3.94,3.99,3.92,3.99,9959603
6/2/2026 17:36:00,4,4.03,3.96,3.97,8294120
6/3/2026 17:36:00,3.98,4,3.93,3.94,12043027
6/4/2026 17:36:00,3.92,3.97,3.9,3.91,7630774
6/5/2026 17:36:00,3.91,3.95,3.88,3.88,8952106
6/8/2026 17:36:00,3.89,3.91,3.86,3.89,14231733
6/9/2026 17:36:00,3.89,3.93,3.85,3.87,11427357
6/10/2026 17:36:00,3.89,3.94,3.87,3.94,9792594
6/11/2026 17:36:00,3.94,3.97,3.9,3.92,19104117
6/12/2026 17:36:00,3.94,3.95,3.91,3.95,10464540
6/15/2026 17:36:00,3.98,3.99,3.9,3.91,18043355
6/16/2026 17:36:00,3.77,3.78,3.72,3.74,19814002
6/17/2026 17:36:00,3.72,3.73,3.68,3.73,16225705
6/18/2026 17:36:00,3.74,3.74,3.68,3.71,27215636
6/19/2026 17:36:00,3.7,3.71,3.67,3.69,43865682
6/22/2026 17:36:00,3.69,3.69,3.56,3.6,21841669
6/23/2026 17:36:00,3.6,3.71,3.57,3.69,13113093
6/24/2026 17:36:00,3.69,3.72,3.66,3.68,11763789
6/25/2026 17:36:00,3.67,3.69,3.63,3.68,8865347
6/26/2026 17:36:00,3.68,3.72,3.64,3.65,10976408
6/29/2026 17:36:00,3.65,3.66,3.57,3.59,13821348
6/30/2026 17:36:00,3.59,3.6,3.5,3.52,49208185
7/1/2026 17:36:00,3.52,3.54,3.44,3.46,23947580
7/2/2026 17:36:00,3.46,3.55,3.46,3.55,9095761
7/3/2026 17:36:00,3.54,3.57,3.53,3.55,5611596
7/6/2026 17:36:00,3.56,3.56,3.48,3.48,9336478
7/7/2026 17:36:00,3.49,3.58,3.49,3.54,8455074
7/8/2026 17:36:00,3.52,3.54,3.5,3.51,9087607
7/9/2026 17:36:00,3.5,3.5,3.46,3.48,7186933
7/10/2026 17:36:00,3.49,3.54,3.48,3.53,7821889
7/13/2026 17:36:00,3.54,3.63,3.54,3.62,12669821
7/14/2026 17:36:00,3.59,3.64,3.59,3.62,8472555
7/15/2026 17:36:00,3.59,3.6,3.55,3.59,14642406
7/16/2026 17:36:00,3.58,3.6,3.54,3.6,6294338
7/17/2026 17:36:00,3.61,3.67,3.6,3.62,19720200
7/20/2026 17:36:00,3.6,3.61,3.57,3.58,10535063
7/21/2026 17:36:00,3.59,3.59,3.52,3.55,8075863
7/22/2026 17:36:00,3.57,3.63,3.54,3.62,9845455
7/23/2026 17:36:00,3.61,3.69,3.59,3.59,12187391
7/24/2026 17:36:00,3.58,3.6,3.56,3.6,7621906
7/27/2026 17:36:00,3.62,3.68,3.59,3.66,8747166
7/28/2026 17:36:00,3.69,3.77,3.68,3.73,17957380
7/29/2026 17:36:00,3.71,3.76,3.61,3.67,14672340
7/30/2026 17:36:00,3.64,3.67,3.58,3.6,11447952
7/31/2026 17:36:00,3.6,3.62,3.56,3.58,9974274
8/3/2026 17:36:00,3.59,3.69,3.57,3.66,10781233
8/4/2026 17:36:00,3.65,3.69,3.64,3.66,5999683
8/5/2026 17:36:00,3.66,3.68,3.59,3.61,6776889
8/6/2026 17:36:00,3.64,3.72,3.63,3.7,12339265
8/7/2026 17:36:00,3.69,3.7,3.63,3.67,9768054
8/10/2026 17:36:00,3.68,3.68,3.61,3.64,8151854
8/11/2026 17:36:00,3.65,3.68,3.63,3.67,6003140
8/12/2026 17:36:00,3.68,3.69,3.63,3.64,8457062
8/13/2026 17:36:00,3.64,3.68,3.64,3.67,6343063
8/14/2026 17:36:00,3.67,3.7,3.67,3.68,5218029
8/17/2026 17:36:00,3.67,3.69,3.65,3.67,8614388
8/18/2026 17:36:00,3.68,3.71,3.67,3.68,5479775
8/19/2026 17:36:00,3.68,3.7,3.66,3.7,5782473
8/20/2026 17:36:00,3.7,3.7,3.67,3.67,4639530
8/21/2026 17:36:00,3.67,3.68,3.62,3.62,15977261
8/24/2026 17:36:00,3.63,3.66,3.63,3.65,4925484
8/25/2026 17:36:00,3.64,3.69,3.64,3.68,5349127
8/26/2026 17:36:00,3.68,3.68,3.61,3.61,8595463
8/27/2026 17:36:00,3.61,3.61,3.56,3.6,9119402
8/28/2026 17:36:00,3.62,3.63,3.59,3.63,4436264
8/31/2026 17:36:00,3.63,3.67,3.63,3.65,14149599
9/1/2026 17:36:00,3.65,3.69,3.6,3.63,8134752
9/2/2026 17:36:00,3.63,3.66,3.6,3.66,6032085
9/3/2026 17:36:00,3.66,3.71,3.65,3.68,8764967
9/4/2026 17:36:00,3.68,3.69,3.64,3.68,5532972
9/7/2026 17:36:00,3.65,3.68,3.61,3.61,7690492
9/8/2026 17:36:00,3.61,3.64,3.6,3.62,7354145
9/9/2026 17:36:00,3.61,3.64,3.57,3.57,8399924
9/10/2026 17:36:00,3.61,3.64,3.6,3.63,7598107
9/11/2026 17:36:00,3.62,3.67,3.62,3.65,16402161
9/14/2026 17:36:00,3.65,3.7,3.64,3.67,10727545
9/15/2026 17:36:00,3.67,3.69,3.63,3.69,8193018
9/16/2026 17:36:00,3.68,3.71,3.64,3.71,11347972
9/17/2026 17:36:00,3.7,3.76,3.7,3.75,12245751
9/18/2026 17:36:00,3.72,3.72,3.54,3.57,50206310
9/21/2026 17:36:00,3.57,3.6,3.55,3.58,8776376
9/22/2026 17:36:00,3.59,3.59,3.47,3.47,16555732
9/23/2026 17:36:00,3.48,3.5,3.37,3.39,20228594
9/24/2026 17:36:00,3.4,3.42,3.37,3.37,11637576
9/25/2026 17:36:00,3.36,3.45,3.36,3.45,13299557
9/28/2026 17:36:00,3.47,3.48,3.41,3.41,8336517
9/29/2026 17:36:00,3.41,3.41,3.36,3.39,9841178
9/30/2026 17:36:00,3.38,3.39,3.34,3.34,10796615
10/1/2026 17:36:00,3.31,3.33,3.27,3.28,15307131
10/2/2026 17:36:00,3.28,3.33,3.27,3.31,10133274